,District_Name,Total,risk_index
502,Equateur:Iboko,31,0.9393939393939394
250,Mbandaka:Wangata,1,0.030303030303030304
497,Equateur:Bikoro,1,0.030303030303030304
