,District_Name,Total,risk_index
497,Equateur:Bikoro,74,0.524822695035461
250,Mbandaka:Wangata,49,0.3475177304964539
505,Equateur:Lilanga Bobangi,18,0.1276595744680851
